Stallion,Offered,Sold,High £,Av. £,Med. £,Colt Av. £,Colt Med. £,Filly Av. £,Filly Med. £,year,age
Dubawi,31,28,"1,690,615","796,481","669,375","830,350","682,500","640,684","486,052",2022,yearling
Dubawi,27,23,"2,041,931","534,327","446,250","440,212","459,375","636,998","420,000",2021,yearling
Galileo,23,23,"1,280,059","464,193","357,000","355,862","241,500","605,023","538,741",2021,yearling
Frankel,47,43,"2,940,000","584,192","338,123","689,644","325,500","406,242","352,811",2022,yearling
Kingman,42,31,"1,102,500","328,787","283,500","358,009","315,000","267,419","212,270",2022,yearling
Galileo,34,32,"761,250","321,043","259,307","267,528","199,500","410,235","386,442",2022,yearling
Frankel,38,29,"971,250","339,699","241,500","390,491","297,016","277,186","210,000",2021,yearling
Siyouni,78,63,"1,775,146","284,914","181,741","251,468","178,784","315,320","210,000",2022,yearling
Sea the Stars,91,79,"840,000","237,965","178,500","272,974","210,000","196,149","136,074",2022,yearling
Kingman,82,63,"1,155,000","245,958","178,500","261,542","168,000","222,269","189,000",2021,yearling
Lope de Vega,71,56,"1,890,000","245,561","164,452","201,643","157,500","289,478","214,890",2022,yearling
Night of Thunder,97,90,"840,000","197,346","162,750","173,536","139,763","227,109","173,781",2022,yearling
Lope de Vega,97,87,"761,250","184,497","157,500","174,803","128,006","198,230","159,576",2021,yearling
Siyouni,53,41,"1,276,207","182,176","157,399","205,237","165,907","152,709","112,732",2021,yearling
Camelot,45,37,"1,024,047","170,434","136,129","229,049","210,000","108,563","81,385",2021,yearling
No Nay Never,78,72,"2,324,190","226,671","134,668","191,505","152,155","278,813","125,149",2022,yearling
Wootton Bassett,90,83,"633,981","151,427","130,160","138,055","136,500","168,885","128,478",2022,yearling
No Nay Never,62,53,"971,250","183,863","128,006","164,416","106,672","204,057","136,314",2021,yearling
Sea the Stars,89,78,"1,575,000","187,551","126,810","178,366","136,540","196,736","118,500",2021,yearling
Wootton Bassett,45,42,"425,402","136,768","110,605","143,873","105,803","128,167","131,875",2021,yearling
Invincible Spirit,44,35,"504,000","112,827","85,337","104,123","89,427","122,043","76,458",2021,yearling
Too Darn Hot,56,48,"630,000","118,304","84,726","116,702","86,890","120,197","80,500",2022,yearling
Camelot,51,45,"472,500","111,367","80,453","146,303","114,117","80,798","60,356",2022,yearling
Dark Angel,83,65,"787,500","108,291","78,750","120,536","78,750","93,090","80,000",2021,yearling
Kodiac,132,119,"493,500","103,830","75,600","92,826","65,500","115,020","81,070",2021,yearling
Blue Point,98,78,"375,446","97,877","73,500","97,627","74,250","98,169","73,500",2022,yearling
Night of Thunder,43,36,"393,750","99,503","70,000","126,879","92,000","68,906","52,500",2021,yearling
Oasis Dream,65,57,"441,000","81,489","68,250","84,869","69,020","78,225","68,250",2021,yearling
Dark Angel,92,84,"525,000","95,069","68,155","118,886","80,226","71,251","53,300",2022,yearling
Roaring Lion,51,46,"472,500","72,738","66,582","83,389","68,250","52,766","40,950",2021,yearling
Almanzor,50,43,"446,250","86,405","63,810","88,167","76,572","83,431","57,276",2021,yearling
Showcasing,90,81,"472,500","90,920","63,000","96,867","73,500","82,699","56,175",2021,yearling
Farhh,12,12,"420,000","101,685","61,950","114,379","81,375","38,216","38,216",2022,yearling
Mehmas,73,65,"472,500","79,591","60,094","89,589","63,000","68,625","44,846",2022,yearling
Invincible Spirit,52,44,"630,000","124,293","60,052","122,212","60,052","126,791","60,375",2022,yearling
Le Havre,48,47,"241,500","69,209","59,250","75,935","63,482","66,057","55,149",2021,yearling
Mehmas,50,44,"262,500","80,032","55,500","84,445","60,256","72,309","54,250",2021,yearling
Acclamation,51,43,"294,000","70,615","54,000","90,866","64,135","53,005","45,150",2021,yearling
Kodiac,100,85,"514,004","86,506","52,500","85,278","51,450","88,178","56,375",2022,yearling
Showcasing,94,79,"315,000","73,668","52,500","79,717","57,750","61,336","47,250",2022,yearling
Starspangledbanner,73,62,"630,000","111,303","52,500","133,146","65,100","86,446","42,000",2022,yearling
Zoustar,73,67,"325,500","73,652","52,500","83,091","65,000","68,034","51,851",2021,yearling
Starspangledbanner,90,78,"231,000","62,487","50,917","63,658","53,101","60,972","48,100",2021,yearling
Zoustar,71,66,"341,250","74,085","50,442","55,902","42,000","90,189","53,635",2022,yearling
Exceed and Excel,47,43,"200,000","58,380","49,496","48,551","48,000","72,031","52,048",2021,yearling
Cracksman,40,34,"294,000","70,201","49,352","57,482","42,000","90,747","84,000",2022,yearling
Zarak,41,32,"169,062","56,489","49,283","47,583","39,048","65,395","61,609",2022,yearling
Le Havre,68,58,"507,185","90,658","49,204","49,835","44,254","128,759","63,788",2022,yearling
Ardad,14,12,"210,000","73,173","48,825","119,042","115,500","40,409","30,495",2022,yearling
Waldgeist,61,54,"178,784","54,458","48,208","50,788","52,932","58,127","44,696",2022,yearling
Farhh,14,14,"367,500","87,452","47,250","97,511","52,500","69,347","40,000",2021,yearling
New Bay,47,42,"273,000","64,456","47,007","79,718","64,729","49,193","31,500",2021,yearling
Teofilo,32,28,"187,177","69,296","46,936","78,924","74,168","63,946","45,549",2021,yearling
Saxon Warrior,67,56,"460,821","80,588","46,673","91,232","46,794","67,390","46,553",2021,yearling
U S Navy Flag,47,42,"247,478","59,124","45,584","51,563","44,375","64,266","46,794",2021,yearling
Teofilo,19,16,"315,000","92,161","45,583","99,864","38,878","84,458","59,292",2022,yearling
Doctor Dino,15,14,"175,140","62,487","44,660","73,267","64,364","54,402","39,406",2022,yearling
Sea the Moon,69,58,"430,500","65,284","44,398","74,235","53,635","57,489","32,469",2022,yearling
Havana Grey,88,81,"341,250","58,371","44,100","58,163","42,000","58,690","44,550",2022,yearling
Oasis Dream,40,33,"141,750","52,519","44,100","53,105","44,100","51,493","41,946",2022,yearling
Australia,88,74,"472,500","81,919","43,210","82,473","57,750","81,231","38,286",2021,yearling
Churchill,99,79,"462,000","68,356","43,050","69,035","38,044","67,410","48,246",2021,yearling
Sea the Moon,67,59,"315,000","64,045","42,669","67,609","40,952","58,467","47,250",2021,yearling
Churchill,125,103,"420,000","65,934","42,265","65,160","48,700","66,560","33,600",2022,yearling
Toronado,13,11,"119,113","48,396","41,140","45,837","45,963","55,222","38,089",2021,yearling
Doctor Dino,21,16,"144,985","47,012","40,084","51,704","44,348","26,682","23,880",2021,yearling
Magna Grecia,81,70,"315,000","53,419","40,000","59,199","37,354","46,554","40,000",2022,yearling
Zarak,33,24,"93,107","42,585","39,768","47,261","44,100","40,660","35,437",2021,yearling
Pivotal,12,12,"84,000","43,432","39,201","42,248","39,201","49,350","49,350",2021,yearling
Ardad,32,31,"199,500","55,234","38,850","73,815","73,500","41,814","31,500",2021,yearling
Ten Sovereigns,102,88,"446,960","61,942","38,296","66,721","48,993","57,773","35,607",2022,yearling
Advertise,70,64,"525,000","63,048","38,296","62,202","44,696","64,207","31,500",2022,yearling
New Bay,61,53,"498,750","81,304","38,000","112,759","63,000","36,981","24,299",2022,yearling
Invincible Army,81,72,"147,000","44,008","37,835","50,006","39,613","34,583","29,150",2022,yearling
Bated Breath,55,45,"630,000","61,029","37,800","39,919","30,000","79,499","43,743",2022,yearling
Nathaniel,37,31,"225,611","66,259","37,155","82,219","56,636","54,732","32,937",2022,yearling
Soldier Hollow,16,12,"130,160","47,959","37,007","41,000","34,709","57,701","46,995",2022,yearling
Sioux Nation,68,61,"262,500","46,626","37,000","49,331","37,394","42,156","37,000",2022,yearling
Acclamation,49,41,"200,000","53,600","37,000","60,919","37,000","44,248","37,000",2022,yearling
Exceed and Excel,39,31,"367,500","66,721","37,000","69,200","37,925","58,219","31,287",2022,yearling
Caravaggio,41,35,"229,717","56,954","37,000","51,031","36,750","64,850","52,909",2021,yearling
Ulysses,28,23,"315,000","55,661","36,750","70,525","45,675","32,540","14,700",2021,yearling
Cracksman,74,60,"430,500","54,269","36,750","55,281","44,014","52,853","36,750",2021,yearling
Ulysses,43,34,"178,500","48,239","36,225","55,135","42,000","29,085","21,000",2022,yearling
Calyx,75,63,"178,500","48,977","35,757","50,294","37,671","47,988","27,872",2022,yearling
Saxon Warrior,60,57,"472,500","66,997","35,700","63,234","35,700","71,484","36,156",2022,yearling
Iffraaj,39,31,"178,500","39,283","34,650","31,150","30,000","49,160","37,739",2022,yearling
Study of Man,27,23,"165,375","40,321","34,371","50,477","36,225","17,109","8,593",2022,yearling
Zoffany,83,70,"270,498","51,092","34,205","53,486","40,362","48,697","30,495",2022,yearling
Caravaggio,29,23,"131,250","45,993","33,812","58,547","56,700","36,336","24,217",2022,yearling
Kodi Bear,33,32,"220,500","43,714","31,144","44,601","37,925","41,763","16,000",2022,yearling
Almanzor,69,56,"131,023","43,300","30,805","40,894","30,805","46,509","34,699",2022,yearling
Zoffany,118,94,"367,500","44,757","30,750","39,046","32,164","50,977","30,000",2021,yearling
Harry Angel,68,54,"220,000","44,485","29,925","66,231","50,000","22,738","17,850",2021,yearling
Kendargent,19,17,"110,605","34,108","29,625","34,849","32,164","33,589","19,045",2021,yearling
Golden Horn,41,39,"304,500","41,421","29,400","41,510","32,550","41,305","26,818",2022,yearling
Australia,30,27,"294,000","50,783","29,400","77,211","42,461","22,323","16,800",2022,yearling
Dandy Man,124,105,"247,478","37,585","29,400","32,028","25,892","44,713","33,250",2021,yearling
Ribchester,66,56,"367,500","45,231","29,400","49,440","29,512","41,023","28,700",2021,yearling
Awtaad,35,29,"126,000","36,752","28,702","38,201","28,702","34,970","32,944",2022,yearling
Masar,67,59,"367,500","49,942","28,350","67,776","41,800","33,835","25,000",2022,yearling
Twilight Son,34,29,"115,500","35,942","28,350","40,986","39,000","22,703","18,375",2022,yearling
Expert Eye,65,58,"304,500","43,030","28,350","46,635","41,160","40,485","23,550",2021,yearling
Havana Gold,45,39,"105,000","32,788","28,350","47,604","37,758","20,089","18,900",2021,yearling
Gleneagles,71,58,"682,500","58,209","28,158","32,864","27,040","78,802","31,217",2022,yearling
Tasleet,28,23,"98,331","32,304","28,000","36,627","28,000","24,200","21,350",2022,yearling
Galiway,32,25,"253,592","44,923","27,791","52,762","31,265","40,514","26,911",2022,yearling
Profitable,83,70,"446,250","43,216","27,543","46,213","29,278","39,656","22,000",2021,yearling
Havana Gold,34,30,"105,000","32,320","27,300","33,933","18,900","31,086","33,600",2022,yearling
Intello,16,14,"73,500","30,680","27,193","34,934","30,666","20,047","19,403",2021,yearling
Gleneagles,73,63,"367,500","41,386","27,185","47,916","30,860","32,094","14,404",2021,yearling
Nathaniel,42,36,"283,500","46,800","26,775","28,532","16,214","63,146","44,576",2021,yearling
Golden Horn,39,33,"157,500","30,745","26,250","39,460","29,465","22,542","22,000",2021,yearling
Time Test,28,25,"420,000","48,361","26,250","64,625","36,750","27,662","21,000",2021,yearling
Iffraaj,44,41,"178,500","38,855","26,250","30,699","29,400","46,624","24,150",2021,yearling
Bated Breath,38,31,"241,500","35,889","26,000","35,228","25,000","36,434","26,250",2021,yearling
Blue Bresil,15,12,"44,000","28,048","25,793","29,714","28,000","25,717","25,586",2021,yearling
Lord Of England,14,11,"102,868","33,373","25,717","34,128","23,145","32,467","34,289",2021,yearling
Zelzal,23,19,"143,892","38,724","25,586","30,931","21,257","47,383","34,703",2021,yearling
Territories,46,37,"93,107","29,558","25,524","33,918","30,000","23,835","15,814",2021,yearling
Cloth of Stars,46,40,"236,999","35,100","25,393","46,598","31,392","23,603","22,301",2021,yearling
Awtaad,44,37,"68,250","24,644","25,000","22,298","28,000","26,244","25,000",2021,yearling
New Approach,24,22,"157,500","30,166","24,496","43,967","31,575","20,611","21,000",2021,yearling
Kodi Bear,34,29,"183,750","35,610","24,166","54,415","31,500","24,117","13,603",2021,yearling
Lightning Spear,12,11,"81,900","30,026","24,150","31,215","24,150","24,675","24,675",2021,yearling
Cotai Glory,60,59,"145,073","31,304","24,150","30,330","24,575","32,312","24,000",2021,yearling
Territories,66,53,"189,000","37,002","23,925","39,707","24,462","32,880","22,423",2022,yearling
Soldier Hollow,19,12,"77,151","32,320","23,814","41,029","24,003","20,128","15,430",2021,yearling
Holy Roman Emperor,63,48,"81,172","29,753","23,674","31,694","25,516","28,110","21,174",2022,yearling
Phoenix of Spain,84,76,"178,784","29,820","23,660","34,108","27,825","26,702","18,021",2022,yearling
Muhaarar,64,54,"115,500","30,120","23,625","32,065","25,200","27,062","22,050",2021,yearling
Dandy Man,106,89,"178,500","32,121","23,320","34,205","25,000","29,789","19,866",2022,yearling
Expert Eye,54,45,"129,618","31,404","23,100","28,200","20,000","35,065","27,300",2022,yearling
Mastercraftsman,64,52,"178,500","34,831","23,078","36,720","26,250","32,041","16,991",2021,yearling
Areion,17,14,"68,356","27,965","23,070","29,158","23,924","26,376","19,652",2022,yearling
Soldier's Call,97,89,"107,270","29,100","23,000","35,226","29,400","23,867","15,124",2022,yearling
Intello,27,23,"219,780","37,399","22,561","48,083","26,054","23,510","18,656",2022,yearling
Kendargent,19,16,"86,774","27,330","22,136","27,991","22,580","26,479","9,553",2022,yearling
Twilight Son,28,26,"141,750","30,316","22,050","36,188","25,000","22,309","21,000",2021,yearling
Profitable,96,75,"157,500","29,749","22,000","33,027","26,250","20,735","13,432",2022,yearling
Goliath du Berlais,21,17,"113,841","31,199","21,893","41,328","31,525","12,631","9,632",2022,yearling
Land Force,89,75,"189,000","32,779","21,693","40,407","29,750","24,945","15,750",2022,yearling
Galiway,25,20,"323,306","45,707","21,251","19,849","20,404","71,565","29,201",2021,yearling
Cotai Glory,54,47,"367,500","42,034","21,000","29,571","22,211","64,028","18,000",2022,yearling
Kessaar,53,50,"94,500","29,109","21,000","38,530","30,000","18,050","15,292",2021,yearling
Bungle Inthejungle,49,47,"110,250","28,833","21,000","27,671","21,000","29,621","21,025",2021,yearling
Sioux Nation,111,98,"225,750","35,797","20,856","49,105","29,175","26,620","16,895",2021,yearling
Crystal Ocean,37,27,"141,750","28,573","20,848","34,826","24,564","13,722","14,893",2022,yearling
Blue Bresil,23,18,"43,864","20,897","20,848","23,559","22,099","15,573","20,014",2022,yearling
Tasleet,53,46,"84,000","27,167","20,069","28,885","21,238","23,615","16,000",2021,yearling
Footstepsinthesand,59,50,"100,000","25,779","19,866","28,415","20,000","22,424","18,095",2022,yearling
El Kabeir,47,43,"136,500","27,072","19,850","28,408","19,500","24,579","19,850",2021,yearling
Inns of Court,136,122,"183,750","29,886","19,841","35,662","22,423","24,477","17,000",2022,yearling
Dabirsim,43,37,"85,080","23,079","19,569","21,831","18,621","24,396","22,489",2021,yearling
U S Navy Flag,84,72,"143,027","29,469","19,449","26,388","15,875","33,781","23,148",2022,yearling
Galileo Gold,44,36,"81,990","29,085","19,194","28,394","18,000","29,704","21,000",2021,yearling
Footstepsinthesand,57,48,"537,625","39,792","19,000","53,597","28,350","18,721","11,000",2021,yearling
Make Believe,35,33,"93,588","26,300","18,987","35,675","36,750","16,339","13,168",2021,yearling
Time Test,56,43,"136,500","29,301","18,900","40,288","36,750","14,041","11,775",2022,yearling
Havana Grey,85,79,"110,000","28,721","18,900","32,639","22,219","23,260","17,261",2021,yearling
Tamayuz,29,28,"136,500","34,640","18,881","45,312","36,000","26,636","15,457",2021,yearling
Shalaa,69,59,"119,113","28,461","18,621","27,319","17,883","29,814","18,718",2021,yearling
Muhaarar,22,20,"65,100","25,166","18,375","27,130","25,725","22,221","15,900",2022,yearling
Raven's Pass,22,16,"78,750","18,629","18,161","21,070","18,161","14,560","16,727",2022,yearling
Counterattack,22,15,"63,281","20,885","18,002","23,884","17,438","17,457","20,250",2021,yearling
Holy Roman Emperor,52,46,"80,000","22,453","17,920","28,686","26,250","15,034","12,075",2021,yearling
Make Believe,59,53,"231,000","27,129","17,739","26,123","18,917","28,662","11,000",2022,yearling
Camacho,96,85,"231,000","25,450","17,261","22,388","17,000","30,274","20,000",2021,yearling
Mayson,24,20,"75,000","21,176","17,118","20,589","14,968","22,546","20,000",2021,yearling
Aclaim,29,27,"210,000","27,767","17,042","28,509","19,521","25,650","13,650",2022,yearling
Attendu,15,12,"30,471","15,927","17,016","10,883","13,543","19,529","21,270",2021,yearling
Galileo Gold,19,13,"170,000","37,775","17,000","57,015","23,100","15,328","13,146",2022,yearling
Fast Company,69,58,"90,000","22,585","16,964","28,763","21,719","15,965","12,752",2021,yearling
Cable Bay,36,32,"136,500","25,952","16,925","26,290","14,727","25,613","19,425",2022,yearling
Tamayuz,29,25,"45,000","18,568","16,800","19,859","16,800","15,824","15,335",2022,yearling
Vadamos,12,11,"42,000","18,790","16,693","19,623","17,118","17,332","12,594",2021,yearling
The Grey Gatsby,27,24,"115,500","25,470","16,562","27,068","18,662","24,330","16,562",2022,yearling
Cloth of Stars,57,50,"111,740","26,473","16,337","28,663","17,788","21,818","12,582",2022,yearling
Camacho,33,26,"110,250","21,001","16,089","18,266","14,500","24,191","16,089",2022,yearling
James Garfield,34,30,"85,000","18,398","16,074","22,366","17,913","16,101","14,017",2021,yearling
Goken,26,24,"78,096","21,925","16,053","20,119","16,487","24,937","9,553",2022,yearling
Belardo,45,39,"86,306","23,882","16,000","19,767","10,370","29,206","26,755",2021,yearling
Due Diligence,34,31,"78,000","21,437","15,750","20,954","16,800","23,450","12,000",2022,yearling
Shalaa,55,41,"126,000","26,185","15,619","25,496","12,159","27,260","18,229",2022,yearling
Pedro the Great,44,31,"42,321","17,440","15,236","21,338","21,161","14,625","13,168",2021,yearling
Kessaar,26,20,"162,750","34,128","15,072","26,360","23,000","40,483","14,000",2022,yearling
Harry Angel,66,51,"126,796","20,838","15,000","18,357","13,475","23,418","21,000",2022,yearling
Gregorian,19,17,"116,210","19,604","14,700","14,478","14,700","25,370","13,125",2022,yearling
Dream Ahead,28,22,"71,946","20,395","14,532","19,592","15,351","21,197","13,713",2021,yearling
Fascinating Rock,12,11,"105,000","26,155","14,442","22,607","12,106","35,616","19,850",2021,yearling
Amaron,24,16,"44,576","18,166","14,438","15,807","10,125","21,200","25,312",2021,yearling
City Light,55,48,"71,851","18,306","14,401","18,769","14,051","17,802","14,752",2022,yearling
Al Wukair,43,36,"93,107","19,257","13,582","17,691","15,428","22,027","11,850",2021,yearling
Reliable Man,19,13,"188,591","28,681","13,543","13,891","9,310","41,359","16,929",2021,yearling
Recoletos,27,20,"35,577","15,167","13,450","17,989","14,752","11,718","11,281",2022,yearling
Helmet,15,12,"30,375","13,384","13,186","10,970","9,281","20,625","16,929",2021,yearling
Highland Reel,26,23,"65,100","22,348","13,168","20,357","16,500","25,444","13,168",2021,yearling
Ribchester,69,59,"89,250","18,716","13,016","20,420","13,114","15,851","12,258",2022,yearling
Best Solution,25,17,"103,998","20,113","13,000","25,991","6,836","16,000","13,335",2022,yearling
Mastercraftsman,36,28,"134,088","26,151","12,933","30,254","20,000","18,765","4,839",2022,yearling
Seabhac,23,15,"65,175","16,332","12,856","15,939","14,046","16,782","6,857",2021,yearling
Lawman,22,19,"67,714","20,355","12,696","14,481","11,850","25,642","19,998",2021,yearling
Anodin,43,35,"62,109","15,663","12,696","16,803","13,761","14,144","9,311",2021,yearling
Dawn Approach,16,14,"25,586","13,176","12,671","14,111","12,743","11,493","12,600",2021,yearling
Toronado,38,32,"104,216","20,353","12,624","24,796","11,281","17,313","13,884",2022,yearling
James Garfield,18,15,"57,750","18,412","12,557","20,844","14,351","8,682","6,300",2022,yearling
Bobby's Kitten,19,14,"70,350","19,316","12,075","16,593","12,930","26,125","12,075",2021,yearling
Massaat,38,31,"45,000","16,115","12,000","14,796","7,912","17,522","12,600",2021,yearling
Washington Dc,31,22,"52,500","16,620","11,775","16,115","11,550","17,703","12,000",2021,yearling
Mukhadram,11,11,"27,431","11,026","11,550","10,949","11,550","11,090","8,471",2021,yearling
Brazen Beau,43,33,"47,250","13,011","11,550","10,776","10,500","15,694","12,083",2021,yearling
The Grey Gatsby,30,24,"93,107","15,489","11,427","12,529","10,580","18,450","11,501",2021,yearling
Recoletos,29,20,"67,714","15,250","11,426","14,947","14,812","15,451","9,792",2021,yearling
Zelzal,30,25,"45,122","14,398","11,281","15,028","12,153","13,279","10,413",2022,yearling
Born to Sea,20,19,"32,133","12,865","11,281","13,434","12,133","12,451","8,757",2022,yearling
Highland Reel,44,38,"65,000","15,720","10,666","15,109","10,500","16,656","10,981",2022,yearling
Le Brivido,25,21,"66,816","18,419","10,500","19,373","10,500","16,870","11,675",2022,yearling
Lightning Spear,12,11,"43,052","14,720","10,500","15,319","12,075","13,671","5,292",2022,yearling
Raven's Pass,14,13,"42,669","14,010","10,500","17,547","14,550","8,351","6,300",2021,yearling
Vadamos,19,15,"34,083","13,318","10,424","16,325","14,000","7,305","7,018",2022,yearling
Bungle Inthejungle,50,43,"68,250","16,753","10,311","21,167","15,499","10,003","6,278",2022,yearling
Order of St George,21,18,"44,506","13,596","10,270","15,557","13,967","8,498","7,656",2021,yearling
Gutaifan,36,32,"42,854","13,438","10,175","15,571","12,946","11,022","10,157",2021,yearling
Dream Ahead,31,24,"43,387","15,414","10,036","13,582","11,763","16,722","9,549",2022,yearling
Eqtidaar,41,30,"63,000","16,281","10,000","14,485","7,734","17,654","13,650",2022,yearling
Jack Hobbs,20,17,"50,000","14,588","10,000","14,833","10,500","14,312","9,500",2022,yearling
Cityscape,22,19,"45,000","14,568","10,000","15,891","11,825","12,300","6,300",2021,yearling
Elzaam,40,33,"62,140","14,336","9,925","13,234","9,962","16,541","7,768",2021,yearling
Elzaam,27,20,"42,000","13,603","9,553","16,447","13,115","6,966","6,659",2022,yearling
Dabirsim,65,54,"185,968","15,821","9,406","11,263","8,782","21,109","10,413",2022,yearling
Tai Chi,17,14,"32,062","11,392","9,362","14,609","12,791","8,979","9,362",2021,yearling
Al Wukair,26,22,"32,106","10,907","9,163","11,174","9,545","10,522","8,782",2022,yearling
Amaron,24,18,"42,466","13,840","9,100","13,155","8,544","14,526","9,533",2022,yearling
Adaay,18,15,"42,000","12,629","9,023","9,094","6,825","22,350","20,550",2022,yearling
Poet's Word,29,20,"32,460","10,461","9,012","11,459","10,007","4,804","4,500",2022,yearling
Belardo,48,41,"131,250","13,043","8,969","18,532","14,350","6,688","5,585",2022,yearling
Gustav Klimt,40,36,"60,000","15,938","8,815","21,583","16,991","10,886","8,071",2021,yearling
Adaay,33,30,"68,250","15,361","8,694","16,391","8,989","13,581","6,796",2021,yearling
Seahenge,32,24,"41,651","11,352","8,677","10,272","7,796","12,433","9,111",2022,yearling
Ruler of the World,15,11,"21,076","10,735","8,677","11,307","8,729","10,049","7,025",2022,yearling
The Gurkha,14,11,"18,987","9,106","8,631","10,286","9,769","7,690","7,677",2021,yearling
Free Eagle,39,29,"157,500","18,451","8,631","25,785","9,769","6,450","3,884",2021,yearling
Aclaim,38,29,"85,337","19,894","8,631","23,791","13,125","16,728","8,515",2021,yearling
Born to Sea,24,19,"23,998","9,659","8,571","9,534","8,571","9,797","7,221",2021,yearling
Seahenge,39,31,"51,048","14,512","8,571","16,323","8,999","11,220","8,464",2021,yearling
Isfahan,15,11,"102,534","20,910","8,544","11,335","8,544","28,890","9,704",2022,yearling
Ectot,16,12,"59,250","16,931","8,528","14,990","7,889","18,873","9,839",2021,yearling
Charm Spirit,38,33,"89,250","13,570","8,500","12,390","10,500","14,986","6,300",2021,yearling
Recorder,22,18,"101,571","16,475","8,464","12,042","7,216","22,017","8,464",2021,yearling
Whitecliffsofdover,15,11,"18,718","8,088","8,464","7,603","8,464","8,938","6,803",2021,yearling
Maxios,23,15,"29,000","10,959","8,447","13,357","10,500","7,362","7,379",2022,yearling
Gregorian,26,21,"120,750","15,222","8,400","11,303","12,600","18,162","7,066",2021,yearling
Dariyan,19,17,"43,387","11,555","8,117","9,098","8,117","16,060","11,931",2022,yearling
Ectot,14,11,"21,693","9,240","7,868","10,991","8,677","8,583","7,617",2022,yearling
Unfortunately,17,14,"42,000","11,920","7,867","14,873","8,593","6,603","5,156",2022,yearling
National Defense,20,17,"50,400","10,676","7,768","16,000","11,651","4,686","3,610",2021,yearling
Taj Mahal,16,12,"36,476","8,870","7,379","18,527","10,422","5,651","5,211",2022,yearling
Equiano,13,11,"54,600","13,452","7,350","21,262","14,175","8,989","6,300",2022,yearling
Smooth Daddy,22,16,"120,000","17,817","7,247","20,771","8,323","8,954","3,398",2021,yearling
El Kabeir,38,34,"45,000","11,424","7,175","14,310","11,023","9,850","6,755",2022,yearling
Kuroshio,41,32,"102,405","11,857","7,069","13,561","8,199","9,367","6,371",2021,yearling
Massaat,25,19,"35,000","11,607","6,874","11,723","6,437","11,410","14,700",2022,yearling
Olympic Glory,49,36,"76,572","9,839","6,797","6,809","5,079","14,082","8,508",2021,yearling
Harzand,26,18,"31,500","10,397","6,659","13,908","12,558","8,642","5,964",2022,yearling
Kuroshio,49,38,"120,000","15,069","6,507","18,883","7,602","10,358","4,296",2022,yearling
Decorated Knight,20,18,"50,000","14,025","6,386","22,196","20,227","9,939","6,123",2021,yearling
Outstrip,22,13,"22,121","6,022","6,300","5,124","6,500","7,069","5,709",2021,yearling
Dragon Pulse,62,55,"46,000","9,854","6,300","11,427","7,336","7,307","5,000",2021,yearling
National Defense,16,15,"38,850","12,505","6,278","10,747","6,278","23,936","23,936",2022,yearling
Unfortunately,23,17,"65,100","13,565","6,200","16,867","11,000","7,512","5,173",2021,yearling
Areion,17,12,"60,006","18,230","6,167","24,696","14,043","5,298","5,273",2021,yearling
Dariyan,22,17,"26,239","8,240","6,110","7,553","5,925","9,014","7,010",2021,yearling
Postponed,29,25,"34,650","10,737","6,074","13,522","6,904","5,785","3,675",2022,yearling
Tai Chi,18,13,"20,800","7,482","6,067","7,245","6,067","8,016","6,500",2022,yearling
Hot Streak,19,12,"16,000","6,335","6,000","5,298","4,493","8,408","6,675",2021,yearling
Prince of Lir,15,15,"42,000","9,968","5,947","7,519","7,500","12,112","5,778",2021,yearling
Decorated Knight,36,31,"219,780","18,049","5,382","13,629","7,239","24,168","3,513",2022,yearling
Sommerabend,17,13,"22,561","7,966","5,211","12,931","13,279","5,760","5,211",2022,yearling
Johnny Barnes,25,15,"22,284","8,023","5,143","11,408","11,003","4,154","3,428",2021,yearling
Mr. Owen,15,15,"14,389","5,583","5,105","5,482","5,105","5,734","4,714",2021,yearling
Birchwood,46,31,"16,929","6,413","5,105","7,582","5,713","5,166","5,079",2021,yearling
Anjaal,15,12,"23,100","8,197","5,011","9,079","6,796","6,434","4,374",2021,yearling
Buratino,23,18,"18,900","5,676","4,863","5,741","4,863","5,155","5,155",2022,yearling
Hunter's Light,12,11,"9,516","5,346","4,598","4,728","4,055","6,087","6,079",2022,yearling
Gustav Klimt,15,11,"41,868","8,359","4,500","9,213","4,886","6,082","4,500",2022,yearling
Elusive Pimpernel,22,12,"47,468","9,866","4,475","7,710","4,884","14,178","3,851",2021,yearling
Free Eagle,31,24,"50,000","8,847","4,372","13,260","8,594","6,640","3,588",2022,yearling
Outstrip,20,15,"21,000","7,553","4,333","7,396","5,100","7,866","4,333",2022,yearling
Dragon Pulse,21,15,"47,000","8,036","4,296","8,794","3,652","5,005","6,874",2022,yearling
Smooth Daddy,15,12,"36,000","8,859","4,290","11,585","5,156","5,043","1,352",2022,yearling
Ultra,23,17,"63,810","8,609","4,285","5,538","4,041","11,339","5,062",2021,yearling
Ivawood,11,11,"12,743","6,136","4,248","5,213","4,248","7,752","7,858",2021,yearling
Estidhkaar,21,16,"10,619","4,825","4,035","4,911","4,035","4,567","4,672",2021,yearling
Penny's Picnic,12,10,"38,286","10,225","3,980","10,189","6,396","10,248","3,551",2021,yearling
Ultra,22,14,"17,355","4,580","3,032","4,938","3,288","4,103","2,593",2022,yearling
Estidhkaar,28,18,"13,650","4,799","3,007","4,396","2,578","5,433","3,437",2022,yearling
Buratino,32,22,"28,350","7,128","3,000","10,392","3,398","3,864","2,568",2021,yearling
Prince of Lir,20,16,"268,176","24,253","2,833","31,713","4,648","1,875","1,718",2022,yearling
Birchwood,20,14,"15,619","5,952","2,822",0,0,"5,952","2,822",2022,yearling
Seabhac,24,19,"22,580","5,751","2,605","7,332","2,821","3,994","2,605",2022,yearling
